Date,LowIBOV,LowDJI,Low,ICB,CarWash
2014-01-02,50246.0,16416.490234,2.3773,17864.778821094966,0
2014-01-03,50269.0,16439.300781,2.368,17955.368156034674,0
2014-01-06,50451.0,16405.519531,2.3707,18083.07780739222,0
2014-01-07,50429.0,16429.019531,2.355,17900.462442176442,0
2014-01-08,50424.0,16416.689453,2.3677,17923.277968217993,0
2014-01-09,49259.0,16378.610352000002,2.3887,17857.562264795957,0
2014-01-10,49267.0,16379.019531,2.3565,17849.191014323107,0
2014-01-13,49309.0,16240.599609,2.3382,17802.424049491827,0
2014-01-14,49263.0,16260.830078,2.3477,17802.475745162144,0
2014-01-15,49715.0,16376.780272999998,2.3397,17745.446002000568,0
2014-01-16,49628.0,16375.55957,2.3439,17798.592223091247,0
2014-01-17,49174.0,16378.799805,2.3392,17715.945926038836,0
2014-01-21,48440.0,16316.25,2.3408,17565.39220383725,0
2014-01-22,48543.0,16332.980469,2.3538,17469.847438217923,0
2014-01-23,48321.0,16140.580078,2.3678,17651.615026690142,0
2014-01-24,47494.0,15879.110352000002,2.3938,17694.225653507558,0
2014-01-27,47493.0,15783.549805,2.3905,17782.503469303378,0
2014-01-28,47750.0,15840.839844,2.4035,17807.29913688217,0
2014-01-29,47154.0,15708.980469,2.4223,18025.75826162865,0
2014-01-30,47115.0,15733.269531,2.4075,18122.824805094857,0
2014-01-31,46814.0,15617.549805,2.3909,18318.702400221686,0
2014-02-03,46109.0,15356.169922,2.4,18599.19593321766,0
2014-02-04,46146.0,15356.620116999999,2.4047,18715.977755823355,0
2014-02-05,46224.0,15340.69043,2.3925,18863.81323197684,0
2014-02-06,46632.0,15443.0,2.3774,18743.82525190051,0
2014-02-07,47557.0,15625.530272999998,2.3695,18801.383946726586,0
2014-02-10,47465.0,15733.69043,2.3808,18848.49219454783,0
2014-02-11,47589.0,15803.400391,2.3955,18890.221591348138,0
2014-02-12,48044.0,15928.75,2.3973,19083.151931085446,0
2014-02-13,47129.0,15863.25,2.3926,19171.24707571662,0
2014-02-14,47756.0,15985.389647999998,2.3788,19095.978379281587,0
2014-02-18,46600.0,16107.040038999998,2.3835,19587.701902810808,0
2014-02-19,46134.0,16031.660156,2.3845,20004.27697040205,0
2014-02-20,46634.0,16006.589844,2.3628,19914.224174810206,0
2014-02-21,47075.0,16093.799805,2.3417,19847.52306440669,0
2014-02-24,46991.0,16102.269531,2.327,20200.526086145626,0
2014-02-25,46614.0,16147.25,2.3277,20239.58931617844,0
2014-02-26,46403.0,16155.860352000002,2.3336,20247.915164551458,0
2014-02-27,46622.0,16159.80957,2.3178,20070.05495248714,0
2014-02-28,47043.0,16226.089844,2.3181,20125.37458086829,0
2014-03-05,46473.0,16343.959961000002,2.3138,20570.507076181926,0
2014-03-06,46502.0,16360.55957,2.2996,20731.642347778718,0
2014-03-07,46086.0,16398.859375,2.3217,20867.89830773064,0
2014-03-10,45204.0,16334.200195,2.3265,20915.33039729292,0
2014-03-11,45401.0,16325.169922,2.3376,20825.905945300765,0
2014-03-12,45508.0,16260.030272999998,2.3525,20519.249789533707,0
2014-03-13,45250.0,16084.099609,2.3371,20825.905945300765,0
2014-03-14,44905.0,16046.990234,2.3455,20519.249789533707,0
2014-03-17,44969.0,16066.370116999999,2.3425,20475.28629542562,1
2014-03-18,45075.0,16245.929688,2.3327,20629.051578763443,0
2014-03-19,45910.0,16126.290038999998,2.3249,20384.7999591359,0
2014-03-20,46151.0,16160.330078,2.3207,19981.795739039208,1
2014-03-21,46721.0,16290.790038999998,2.3156,19862.441906019474,0
2014-03-24,47382.0,16215.55957,2.3135,20083.282255375394,0
2014-03-25,47950.0,16279.200195,2.2986,19986.84683302631,0
2014-03-26,47963.0,16268.990234,2.2923,20082.83041794809,0
2014-03-27,47962.0,16191.790038999998,2.2574,19874.108595712296,0
2014-03-28,49606.0,16267.769531,2.2484,19904.9192674802,0
2014-03-31,49770.0,16324.219727000002,2.2491,19841.98570409448,0
2014-04-01,49774.0,16457.599609,2.2519,19991.164010393637,0
2014-04-02,50201.0,16506.599609,2.2595,19863.324392712486,0
2014-04-03,51059.0,16527.599609,2.2681,19954.585199809135,0
2014-04-04,51034.0,16392.769531,2.2348,20151.999769087215,0
2014-04-07,51115.0,16244.009766,2.2119,20300.54525190608,0
2014-04-08,51377.0,16180.280272999998,2.1927,20244.00917052482,0
2014-04-09,50653.0,16256.370116999999,2.1856,20175.888100589684,0
2014-04-10,50732.0,16153.339844,2.1816,20230.638175112446,0
2014-04-11,50518.0,16015.320313,2.1976,20123.06973008259,1
2014-04-14,51361.0,16028.290038999998,2.2063,20224.27457526646,0
2014-04-15,49890.0,16063.200195,2.212,20162.600180414534,0
2014-04-16,50469.0,16266.230469,2.2238,20096.291007144428,0
2014-04-17,50886.0,16368.139647999998,2.2324,20268.865309291454,0
2014-04-22,51682.0,16449.380859,2.2345,20321.588357256383,0
2014-04-23,51400.0,16477.279297,2.2208,20170.83078686009,0
2014-04-24,51238.0,16452.300781,2.2121,20281.621011557887,0
2014-04-25,51019.0,16333.780272999998,2.2118,20194.433439297485,0
2014-04-28,50777.0,16312.660156,2.2203,20076.199619044284,0
2014-04-29,51386.0,16451.179688,2.2054,20207.05195542781,0
2014-04-30,51251.0,16510.869141,2.227,19998.977086887673,0
2014-05-02,51628.0,16488.310547,2.2128,20051.77262436241,0
2014-05-05,52931.0,16377.089844,2.2199,20310.365719397363,0
2014-05-06,53094.0,16399.990234,2.2212,20219.43380041867,0
2014-05-07,53499.0,16357.349609,2.214,20146.300281435386,0
2014-05-08,53222.0,16502.009766,2.2002,20027.399553023803,0
2014-05-09,53057.0,16498.710938,2.2095,19889.20169358958,0
2014-05-12,53103.0,16584.820313,2.209,19874.08478868798,0
2014-05-13,53731.0,16695.919922,2.2043,19821.174140105308,0
2014-05-14,53867.0,16595.0,2.2013,19760.220470003256,0
2014-05-15,53565.0,16397.460938,2.2017,19954.40781031861,0
2014-05-16,53709.0,16414.320313,2.2069,19681.993069589877,0
2014-05-19,53267.0,16442.119141,2.2023,19577.67340205753,0
2014-05-20,52313.0,16341.299805,2.2065,19573.078370097595,0
2014-05-21,52203.0,16376.169922,2.2055,19447.735342557837,0
2014-05-22,52133.0,16489.609375,2.1998,19488.926892063413,0
2014-05-23,52403.0,16544.490234,2.2119,19539.14377133573,0
2014-05-27,52079.0,16607.419922,2.2222,19591.29884879958,0
2014-05-28,52009.0,16620.220703,2.2309,19675.878437856292,0
2014-05-29,52031.0,16620.429688,2.2161,19777.677907443518,0
2014-05-30,51239.0,16648.849609,2.2219,19769.805316230893,0
2014-06-02,51239.0,16682.070313,2.2409,19771.32825125104,0
2014-06-03,51377.0,16690.009766,2.2565,19723.353931916175,0
2014-06-04,51609.0,16673.650391,2.268,19797.07093338788,0
2014-06-05,51470.0,16709.949219,2.2581,19732.914131412683,0
2014-06-06,51562.0,16839.640625,2.239,19740.96157909277,0
2014-06-09,53091.0,16912.919922,2.2228,19499.582010291237,0
2014-06-10,53960.0,16897.439453,2.222,19446.61499993669,0
2014-06-11,54677.0,16821.849609,2.2218,19543.400396883117,1
2014-06-13,54649.0,16718.599609,2.2229,19579.7018956594,0
2014-06-16,54475.0,16722.859375,2.2238,19572.88653615947,0
2014-06-17,54150.0,16732.910156,2.2296,19620.429733355297,0
2014-06-18,54046.0,16755.289063,2.227,19529.50377408864,0
2014-06-20,54540.0,16920.619141,2.223,19581.074950864822,0
2014-06-23,54097.0,16896.089844,2.2158,19604.19443864631,0
2014-06-24,54094.0,16805.230469,2.214,19545.73876582393,0
2014-06-25,53363.0,16799.410156,2.1993,19546.40075551932,0
2014-06-26,53331.0,16746.089844,2.1925,19513.911119463428,0
2014-06-27,52919.0,16773.839844,2.1869,19343.5786420236,0
2014-06-30,52709.0,16801.939453,2.194,19300.786943247487,0
2014-07-01,52887.0,16828.529297,2.199,19122.167940864336,1
2014-07-02,52735.0,16949.710938,2.2008,19173.229787617514,0
2014-07-03,52760.0,16979.0,2.2097,19115.220273723702,0
2014-07-07,53376.0,16992.449219,2.2089,18969.764941058245,0
2014-07-08,53459.0,16874.789063,2.2075,18918.25375235599,0
2014-07-10,53643.0,16805.380859,2.209,18985.44967255539,0
2014-07-11,54320.0,16860.300781,2.2178,18722.404847984148,0
2014-07-14,54786.0,16950.929688,2.2098,18797.297736370103,0
2014-07-15,55629.0,17006.390625,2.2092,18728.123083692935,0
2014-07-16,55573.0,17061.910156,2.2123,18705.00486754653,0
2014-07-17,55237.0,16966.189453,2.2222,18710.05805338668,0
2014-07-18,55639.0,16977.519531,2.224,18704.897451711644,0
2014-07-21,56864.0,16974.339844,2.218,18694.901081092736,0
2014-07-22,57500.0,17040.130859,2.2062,18481.880442869162,0
2014-07-23,57142.0,17058.050781,2.2117,18944.827974794425,0
2014-07-24,57357.0,17061.070313,2.2128,18689.815790371445,0
2014-07-25,57648.0,16915.650391,2.2185,18758.231107904805,0
2014-07-28,57415.0,16877.720703,2.2215,18833.402110175084,0
2014-07-29,57083.0,16912.109375,2.2222,18847.82077998091,0
2014-07-30,56706.0,16817.160156,2.2302,18992.491561408555,0
2014-07-31,55502.0,16563.300781,2.2462,19269.817604546228,0
2014-08-01,55267.0,16437.070313,2.2502,19240.935410512677,0
2014-08-04,55586.0,16447.199219,2.2475,19256.903902999547,0
2014-08-05,56064.0,16369.549805,2.257,19284.572280846438,0
2014-08-06,55696.0,16372.320313,2.2689,19327.230658876862,0
2014-08-07,55986.0,16333.780272999998,2.2704,19300.421608852106,0
2014-08-08,55319.0,16364.219727000002,2.2803,19164.39619289705,0
2014-08-11,55578.0,16557.269531,2.2656,19228.701116937755,0
2014-08-12,56312.0,16518.060547,2.2717,19269.737607304447,0
2014-08-13,55239.0,16567.539063,2.2612,19336.759101248997,0
2014-08-14,55437.0,16651.669922,2.264,19452.76289792457,0
2014-08-15,55783.0,16575.419922,2.2565,19599.602194638814,0
2014-08-18,56968.0,16664.449219,2.2496,19727.332494529477,0
2014-08-19,57371.0,16839.060547,2.2465,19750.791321634737,0
2014-08-20,58320.0,16896.550781,2.2468,19702.891009653973,0
2014-08-21,58558.0,16983.880859,2.2517,19698.640237509513,0
2014-08-22,58164.0,16984.519531,2.2662,19712.957498924436,1
2014-08-25,58408.0,17011.810547,2.275,19764.54441342445,0
2014-08-26,59522.0,17079.570313,2.2607,19934.91226208717,0
2014-08-27,59822.0,17090.609375,2.242,19961.58040907463,0
2014-08-28,60189.0,17018.330078,2.2368,19913.88941911891,0
2014-08-29,60273.0,17035.380859,2.2331,19996.998343417592,0
2014-09-02,60931.0,17009.070313,2.238,20162.142637701145,0
2014-09-03,61199.0,17060.210938,2.2257,19886.4803485935,0
2014-09-04,60739.0,17030.119141,2.2253,19880.947129431657,0
2014-09-05,60244.0,17009.619141,2.231,19820.264975710856,0
2014-09-08,59191.0,17079.169922,2.2398,19754.765199276728,0
2014-09-09,58306.0,16993.289063,2.2683,19900.40485198228,0
2014-09-10,57450.0,16974.570313,2.284,19716.748762603012,0
2014-09-11,58112.0,16983.880859,2.2817,19734.76229877731,0
2014-09-12,56666.0,16937.669922,2.2976,19836.108559904427,0
2014-09-15,56852.0,16951.380859,2.3285,19771.50655217559,0
2014-09-16,57946.0,16985.550781,2.3164,19728.749696184368,0
2014-09-17,59096.0,17089.009766,2.3238,19784.798879996342,0
2014-09-18,58118.0,17163.730469,2.3526,19794.25911567233,0
2014-09-19,57514.0,17257.460938,2.3513,19734.888607872912,0
2014-09-22,55974.0,17159.359375,2.3631,19741.419637674877,0
2014-09-23,56086.0,17055.869141,2.3876,19821.13957760108,0
2014-09-24,55934.0,17033.929688,2.3809,20031.089002573008,0
2014-09-25,55876.0,16945.800781,2.3828,20007.91712185661,0
2014-09-26,55946.0,16948.109375,2.4088,20060.474293485946,0
2014-09-29,54124.0,16934.429688,2.4202,20304.14792529311,0
2014-09-30,53536.0,17017.109375,2.4436,20263.033393009566,0
2014-10-01,52647.0,16776.130859,2.4398,20482.255415931613,0
2014-10-02,52481.0,16674.039063,2.4695,20702.61434502579,0
2014-10-03,53368.0,16802.199219,2.4559,20639.8350523577,0
2014-10-06,54542.0,16930.380859,2.3712,20893.502927301775,0
2014-10-07,57124.0,16715.789063,2.3856,20744.909141439202,0
2014-10-08,56199.0,16663.259766,2.3719,20676.899249058715,0
2014-10-09,57077.0,16649.039063,2.3558,21019.336839168893,0
2014-10-10,55311.0,16543.910156,2.3986,21004.61942000672,0
2014-10-13,55312.0,16310.469727000002,2.3792,21112.667011175858,0
2014-10-14,57258.0,16273.639647999998,2.3904,21515.060829282185,0
2014-10-15,54919.0,15855.120116999999,2.3983,21438.76900920051,0
2014-10-16,54132.0,15935.219727000002,2.4558,21663.78410314007,0
2014-10-17,54298.0,16118.389647999998,2.4229,21566.517057389257,0
2014-10-20,54300.0,16260.540038999998,2.4359,21426.69830184837,0
2014-10-21,51922.0,16405.769531,2.4623,21455.412808268065,0
2014-10-22,52064.0,16459.849609,2.4662,21589.372243683607,0
2014-10-23,50654.0,16468.070313,2.4873,21853.11656021716,0
2014-10-24,50596.0,16649.720703,2.4475,21774.283987455772,0
2014-10-27,48722.0,16729.830078,2.4741,21774.670842946114,0
2014-10-28,50503.0,16825.189453,2.4598,21901.70865445948,0
2014-10-29,51049.0,16895.380859,2.4238,22156.044343721005,0
2014-10-30,51049.0,16920.759766,2.393,21943.25866530689,0
2014-10-31,52335.0,17208.779297,2.3979,22120.141738938117,0
2014-11-03,53054.0,17339.849609,2.4535,22022.8814638441,0
2014-11-04,53432.0,17278.359375,2.4922,22073.00945482852,0
2014-11-05,53589.0,17385.759766,2.4971,22166.540713132865,0
2014-11-06,52418.0,17440.349609,2.5039,22508.304475826608,0
2014-11-07,52197.0,17493.369141,2.5495,22484.25475104802,0
2014-11-10,52716.0,17547.509766,2.5314,22354.384724316984,0
2014-11-11,52003.0,17584.939453,2.553,22541.40498002026,0
2014-11-12,52187.0,17536.169922,2.5351,22571.475236819137,0
2014-11-13,51846.0,17583.880859,2.5606,22762.646447308056,0
2014-11-14,50886.0,17613.199219,2.5933,22777.416069984105,1
2014-11-17,51047.0,17606.810547,2.5806,22831.216604499372,0
2014-11-18,51067.0,17642.029297,2.582,22905.230955195268,0
2014-11-19,52031.0,17624.5,2.5647,23015.3626309397,0
2014-11-21,53403.0,17721.019531,2.5082,22721.075236162334,0
2014-11-24,55292.0,17793.189453,2.501,22673.231865832353,0
2014-11-25,55204.0,17790.890625,2.5177,22766.595533602544,0
2014-11-26,54977.0,17791.160156,2.4949,22663.503341709944,0
2014-11-28,54664.0,17807.779297,2.5309,22747.221795992984,0
2014-12-01,52157.0,17726.550781,2.5441,22738.840780793118,0
2014-12-02,51471.0,17778.849609,2.5568,22570.386131303556,0
2014-12-03,51610.0,17855.589844,2.5495,22342.24897720194,0
2014-12-04,51074.0,17814.810547,2.5522,22299.29528844011,0
2014-12-05,51163.0,17903.050781,2.5728,22347.068175333854,0
2014-12-08,50015.0,17804.279297,2.5884,22293.588011421427,0
2014-12-09,49395.0,17629.570313,2.5842,22378.733243265648,0
2014-12-10,49297.0,17508.099609,2.5868,22239.588439398056,0
2014-12-11,48808.0,17534.300781,2.6115,22299.720698350662,0
2014-12-12,47973.0,17280.830078,2.6454,22318.68170170226,0
2014-12-15,46410.0,17115.279297,2.6498,22400.934201718777,0
2014-12-16,45853.0,17067.589844,2.6827,22407.05048076585,0
2014-12-17,47008.0,17069.160156,2.6664,22215.342536672273,0
2014-12-18,48296.0,17367.849609,2.6442,22152.15347959224,0
2014-12-19,48435.0,17746.550781,2.6398,22175.76092728607,0
2014-12-22,49105.0,17812.25,2.644,22018.598806493483,0
2014-12-23,49815.0,17970.160156,2.6526,22221.245497294592,0
2014-12-26,49914.0,18038.300781,2.6685,22131.267895444715,0
2014-12-29,50008.0,18021.570313,2.6673,22298.579427556964,0
2014-12-30,49993.0,17959.699219,2.6406,22171.761617246077,0
2015-01-02,48345.0,17731.300781,2.658,22003.714045319928,0
2015-01-05,47264.0,17475.929688,2.6936,22329.609753606506,0
2015-01-06,47338.0,17262.369141,2.6916,22369.624816776373,0
2015-01-07,48006.0,17374.779297,2.6737,22237.524825444107,0
2015-01-08,49017.0,17591.970703,2.6617,22259.735392352562,0
2015-01-09,48501.0,17686.089844,2.6263,22355.87436255599,0
2015-01-12,47956.0,17571.580078,2.6301,22501.080915903756,0
2015-01-13,48042.0,17498.230469,2.6273,22357.673977824776,0
2015-01-14,47372.0,17264.900391,2.6025,22279.62564415654,1
2015-01-15,47648.0,17298.039063,2.5953,22234.0115083373,0
2015-01-16,48028.0,17243.550781,2.6145,22196.213481799718,0
2015-01-20,47619.0,17346.730469,2.6078,21848.78704565621,0
2015-01-21,47888.0,17396.039063,2.5853,21703.07008779405,0
2015-01-22,49227.0,17482.539063,2.5499,21525.562175620915,0
2015-01-23,48496.0,17667.529297,2.5713,21612.32695650778,0
2015-01-26,48004.0,17567.599609,2.5787,21572.34319335897,0
2015-01-27,47352.0,17288.310547,2.5648,21712.781256405113,0
2015-01-28,47550.0,17189.0,2.5665,21710.401331745423,0
2015-01-29,47007.0,17136.300781,2.5764,21665.307484675446,0
2015-01-30,46484.0,17156.820313,2.6037,21959.003473158686,0
2015-02-02,46760.0,17037.759766,2.666,22007.949816861503,0
2015-02-03,47664.0,17369.970703,2.6875,22015.444230437974,0
2015-02-04,48214.0,17603.210938,2.6917,22260.930810611208,0
2015-02-05,49020.0,17677.259766,2.7223,22187.943304345958,1
2015-02-06,48209.0,17764.400391,2.743,22350.817640549012,0
2015-02-09,48416.0,17685.320313,2.7652,22364.546884106272,0
2015-02-10,48510.0,17729.240234,2.769,22255.563224014673,0
2015-02-11,47841.0,17759.650391,2.8343,22335.37143467637,0
2015-02-12,48240.0,17862.140625,2.8154,22322.27142379102,0
2015-02-13,49476.0,17961.759766,2.816,22369.23636968789,0
2015-02-18,50639.0,17982.199219,2.8284,22274.96562988483,0
2015-02-19,50870.0,17924.599609,2.8377,22294.46457170635,0
2015-02-20,50711.0,17878.369141,2.8546,22397.101095089118,0
2015-02-23,50861.0,18054.839844,2.861,22184.31031428843,0
2015-02-24,51049.0,18098.730469,2.8262,22263.81517825791,0
2015-02-25,51051.0,18182.759766,2.8329,22133.191346200343,0
2015-02-26,51181.0,18157.070313,2.841,22111.776827562087,0
2015-02-27,51474.0,18132.380859,2.839,22075.161442390818,0
2015-03-02,50775.0,18122.589844,2.8385,22010.101780859728,0
2015-03-03,50995.0,18136.880859,2.8914,21856.98851478306,0
2015-03-04,50399.0,18029.5,2.9314,22237.344523588214,0
2015-03-05,50114.0,18087.650391,2.9781,22248.56089076321,0
2015-03-06,49779.0,17825.150391,2.9837,22410.654254052144,0
2015-03-09,48952.0,17856.560547,3.0585,22617.774047348852,0
2015-03-10,48293.0,17662.939453,3.0886,22427.190981455602,0
2015-03-11,48309.0,17627.0,3.0826,22377.14887279217,0
2015-03-12,48684.0,17620.490234,3.0765,22505.322180849525,0
2015-03-13,47905.0,17629.890625,3.1657,22642.858160906748,0
2015-03-16,48394.0,17751.240234,3.2061,22778.071965021787,1
2015-03-17,48841.0,17785.789063,3.2247,22786.557345103967,0
2015-03-18,49788.0,17697.519531,3.1897,22728.007619150438,0
2015-03-19,50791.0,17934.240234,3.2081,23260.81473920142,0
2015-03-20,50964.0,17961.130859,3.2022,23037.789327066617,0
2015-03-23,51516.0,18116.039063,3.1292,22787.14528502599,0
2015-03-24,51006.0,18010.439453,3.0918,22593.704482630947,0
2015-03-25,51507.0,17718.539063,3.1162,22762.64767551576,0
2015-03-26,50528.0,17579.269531,3.172,22833.026068070852,0
2015-03-27,49909.0,17630.490234,3.1796,22838.118752612678,1
2015-03-30,50100.0,17727.480469,3.2079,22684.20955641242,0
2015-03-31,50612.0,17773.019531,3.1657,22652.53694192931,0
2015-04-01,51186.0,17585.009766,3.1322,22680.275030397617,0
2015-04-02,52322.0,17673.490234,3.1181,22801.138006960347,0
2015-04-06,53122.0,17646.800781,3.081,23024.432592588466,0
2015-04-07,53436.0,17871.210938,3.1103,22962.688541119645,0
2015-04-08,53508.0,17822.230469,3.0463,22926.04244570954,0
2015-04-09,53292.0,17823.099609,3.0227,22683.767971349753,0
2015-04-10,53556.0,17945.550781,3.0587,22632.439174608877,1
2015-04-13,54004.0,17974.810547,3.0745,22601.82790136928,0
2015-04-14,53773.0,17905.480469,3.0559,22476.739770824828,0
2015-04-15,54037.0,18045.710938,3.0246,22462.884660739535,1
2015-04-16,54316.0,18063.859375,2.9988,22506.9829877096,0
2015-04-17,53896.0,17748.529297,3.0043,22731.23390046747,0
2015-04-20,53510.0,17841.179688,3.0218,22665.12032715685,0
2015-04-22,53762.0,17887.759766,2.9976,22644.571649633017,0
2015-04-23,54064.0,17966.769531,2.9696,22389.722484839203,0
2015-04-24,55687.0,18009.080078,2.9501,22227.40131781698,0
2015-04-27,55515.0,18024.660156,2.8993,21967.997312051168,0
2015-04-28,54973.0,17917.359375,2.8816,21922.501379512,0
2015-04-29,55067.0,17953.689453,2.9145,21855.398559890607,0
2015-04-30,55080.0,17774.890625,2.9489,21914.19068179572,0
2015-05-04,56230.0,18026.019531,3.0122,22038.90968508248,0
2015-05-05,57096.0,17905.710938,3.0426,21949.47842123804,0
2015-05-06,56820.0,17733.119141,3.0228,21903.630136729927,0
2015-05-07,56507.0,17796.939453,3.0155,21923.176752777134,0
2015-05-08,56595.0,17933.640625,2.9733,21945.33916658451,0
2015-05-11,57013.0,18089.109375,2.9759,22015.218269172245,0
2015-05-12,56753.0,17924.800781,3.013,21933.067960118304,0
2015-05-13,56199.0,18039.199219,2.9826,21965.50885200882,0
2015-05-14,56105.0,18062.490234,2.9893,21951.331823407865,0
2015-05-15,56422.0,18215.070313,2.9714,21938.838342960047,0
2015-05-18,55926.0,18244.259766,2.9945,22236.623734767913,0
2015-05-19,55027.0,18261.349609,3.0028,22129.888867870348,0
2015-05-20,54820.0,18272.560547,2.9981,22042.137237827184,0
2015-05-21,54526.0,18249.900391,2.9972,21800.9470328416,1
2015-05-22,54038.0,18217.140625,3.0334,21839.07243709391,0
2015-05-26,53548.0,17990.019531,3.0916,21764.78837908798,0
2015-05-27,53136.0,18045.080078,3.1388,21629.294944359157,0
2015-05-28,53363.0,18066.400391,3.1399,21795.181621557615,0
2015-05-29,52760.0,17967.740234,3.1408,21813.716444889298,0
2015-06-01,52666.0,17982.060547,3.1592,21953.944608541195,0
2015-06-02,53035.0,17925.330078,3.1253,21993.325997855463,0
2015-06-03,53462.0,18010.419922,3.1024,22117.215841281457,0
2015-06-05,52808.0,17822.900391,3.1075,22128.86804558308,0
2015-06-08,52810.0,17760.609375,3.1059,22229.209691416494,0
2015-06-09,52688.0,17714.970703,3.0884,22216.572614083798,0
2015-06-10,52817.0,17765.380859,3.0625,22091.597795759742,0
2015-06-11,53444.0,18001.269531,3.0886,21929.272814986252,0
2015-06-12,53033.0,17857.070313,3.09,21821.269056356436,0
2015-06-15,52548.0,17698.419922,3.092,21696.30382520057,0
2015-06-16,53107.0,17774.119141,3.0841,21722.88141265907,0
2015-06-17,52965.0,17839.650391,3.0501,21618.57873270647,0
2015-06-18,53214.0,17944.609375,3.0304,21766.840486387802,0
2015-06-19,53479.0,18010.580078,3.0548,21741.00389815869,1
2015-06-22,53655.0,18027.630859,3.0674,21852.049541098782,0
2015-06-23,53772.0,18108.099609,3.0754,21749.849068871816,0
2015-06-24,53628.0,17966.070313,3.0629,21816.594239732694,0
2015-06-25,52879.0,17890.359375,3.0808,21837.08368993877,0
2015-06-26,53151.0,17892.029297,3.1176,21942.023230822684,0
2015-06-29,52647.0,17590.550781,3.105,21811.81207662675,0
2015-06-30,52813.0,17576.5,3.0864,21766.273803611828,0
2015-07-01,52603.0,17638.119141,3.0972,21762.773434848303,0
2015-07-02,52758.0,17687.519531,3.0939,21679.96922232931,1
2015-07-06,51683.0,17564.359375,3.1297,21548.52770175885,0
2015-07-07,51130.0,17465.679688,3.1353,21577.945266349772,0
2015-07-08,51574.0,17496.220703,3.1802,21665.51596024817,0
2015-07-10,51782.0,17561.119141,3.1578,21729.424942821934,0
2015-07-13,52591.0,17787.269531,3.1289,21770.422844815846,0
2015-07-14,52653.0,17956.169922,3.1134,21891.430456955914,0
2015-07-15,52790.0,18010.150391,3.1287,21559.025631911587,0
2015-07-16,52714.0,18065.330078,3.1277,21633.366276834946,0
2015-07-17,52221.0,18032.060547,3.1513,21595.471669482456,0
2015-07-20,51525.0,18064.5,3.1865,21490.729068535653,0
2015-07-21,51244.0,17868.339844,3.1635,21291.620440797287,0
2015-07-22,50592.0,17807.410156,3.1716,21439.334368828113,0
2015-07-23,49668.0,17705.029297,3.219,21606.037112550148,0
2015-07-24,48624.0,17553.730469,3.2853,21754.462937346478,0
2015-07-27,48640.0,17399.169922,3.3451,21604.121034974174,0
2015-07-28,48740.0,17449.810547,3.3424,21768.350257898346,1
2015-07-29,49422.0,17629.199219,3.3131,21722.023178190768,0
2015-07-30,49612.0,17640.849609,3.3237,21886.944459305945,0
2015-07-31,49892.0,17671.589844,3.3365,21872.88583900657,0
2015-08-03,50054.0,17496.609375,3.42,21917.972195481285,1
2015-08-04,49827.0,17505.5,3.43,22093.960058395238,0
2015-08-05,50067.0,17492.900391,3.4531,22194.436126064942,0
2015-08-06,49624.0,17362.859375,3.4853,22300.365545032542,0
2015-08-07,48512.0,17279.080078,3.492,22345.324679968322,0
2015-08-10,48578.0,17375.179688,3.4342,22578.48242402008,0
2015-08-11,48306.0,17352.630859,3.4344,22684.295507667845,0
2015-08-12,48028.0,17125.810547,3.4458,22539.79334157652,0
2015-08-13,47722.0,17341.339844,3.4741,22856.432387768342,1
2015-08-14,47508.0,17394.060547,3.4601,22889.133031229707,0
2015-08-17,47217.0,17341.720703,3.4615,22829.36797419754,0
2015-08-18,46676.0,17486.419922,3.4547,22708.537833642444,0
2015-08-19,45977.0,17282.419922,3.4593,22883.697681257105,0
2015-08-20,46030.0,16990.689453,3.4485,22784.000046575216,0
2015-08-21,45677.0,16459.550781,3.4524,22609.88690846964,0
2015-08-24,42749.0,15370.330078,3.4979,22569.710630344893,0
2015-08-25,44338.0,15651.240234,3.5153,22652.61127650643,0
2015-08-26,44540.0,15676.259766,3.5882,22596.42021833879,0
2015-08-27,46038.0,16285.509766,3.5389,22669.372224644252,0
2015-08-28,46847.0,16535.179688,3.5447,22797.245543440768,0
2015-08-31,45570.0,16444.050781,3.5811,22917.773442976082,0
2015-09-01,45278.0,15979.950195,3.6185,22962.97453827659,0
2015-09-02,45445.0,16058.349609,3.6902,23124.52553289958,0
2015-09-03,46279.0,16317.30957,3.7334,23108.42508430212,0
2015-09-04,46320.0,16026.610352000002,3.7367,23272.01671335046,0
2015-09-08,46497.0,16109.929688,3.7795,23173.416696063912,0
2015-09-09,46614.0,16220.099609,3.7643,23053.28826512241,0
2015-09-10,45592.0,16212.080078,3.7755,23162.939132721494,0
2015-09-11,46176.0,16244.650391,3.82,23307.24166116077,0
2015-09-14,46218.0,16330.870116999999,3.8058,23543.371759930607,0
2015-09-15,46746.0,16382.580078,3.806,23577.139128355968,0
2015-09-16,47364.0,16593.900391,3.8184,23466.62412734432,0
2015-09-17,48082.0,16639.929688,3.8283,23482.81607564251,0
2015-09-18,46928.0,16343.759766,3.8624,23838.376748903745,0
2015-09-21,46425.0,16391.880859,3.9308,23933.387538780364,1
2015-09-22,45276.0,16221.730469,3.9821,23847.145965479504,0
2015-09-23,45340.0,16211.980469,4.014,23959.60849114649,0
2015-09-24,44183.0,16016.360352000002,3.9364,24015.729840884323,0
2015-09-25,44697.0,16205.070313,3.8823,23877.06639168005,0
2015-09-28,43767.0,15981.849609,3.9746,24032.462808236112,0
2015-09-29,43956.0,15942.370116999999,4.0118,24182.10102922301,0
2015-09-30,44132.0,16057.080078,3.9232,24154.04789908185,0
2015-10-01,44789.0,16073.820313,3.9379,24173.789003601538,0
2015-10-02,44973.0,16013.660156,3.9295,24133.85468082209,0
2015-10-05,47019.0,16502.099609,3.8879,24211.776964401888,0
2015-10-06,47389.0,16746.029297,3.826,24090.013958107327,0
2015-10-07,47715.0,16765.0,3.7889,24024.23404127597,0
2015-10-08,48658.0,16859.339844,3.7784,23901.0052828637,0
2015-10-09,48698.0,17027.230469,3.7233,23833.59747275674,0
2015-10-13,47135.0,17034.449219,3.7559,24273.018174758396,0
2015-10-14,46701.0,16887.669922,3.8075,24446.869653508347,0
2015-10-15,46321.0,16933.570313,3.7782,24305.909361079,0
2015-10-16,46517.0,17107.349609,3.7939,24121.665970359798,0
2015-10-19,46917.0,17129.189453,3.8623,24187.06169402242,0
2015-10-20,46623.0,17147.990234,3.8466,24282.556976495234,0
2015-10-21,46654.0,17153.130859,3.9035,24285.04305495553,0
2015-10-22,47027.0,17180.880859,3.905,24251.771731204844,0
2015-10-23,47502.0,17525.109375,3.8665,24074.723562921965,0
2015-10-26,47105.0,17602.509766,3.8266,23989.638167340436,0
2015-10-27,46742.0,17540.570313,3.8871,24050.525286898042,0
2015-10-28,46388.0,17556.710938,3.8563,24125.707790062464,0
2015-10-29,45628.0,17684.720703,3.8465,24217.201095571225,0
2015-10-30,45401.0,17662.869141,3.8241,24126.894261261532,0
2015-11-03,45866.0,17796.019531,3.7425,23834.640791495454,0
2015-11-04,47441.0,17828.830078,3.745,23843.099428143956,0
2015-11-05,47430.0,17779.189453,3.7664,23779.97585779156,0
2015-11-06,46397.0,17768.599609,3.7523,23685.991780678793,0
2015-11-09,46057.0,17667.779297,3.7677,23676.715358487072,0
2015-11-10,45397.0,17657.720703,3.733,23713.378391697603,0
2015-11-11,46207.0,17696.910156,3.7058,23679.461884381773,0
2015-11-12,46696.0,17443.5,3.7388,23565.256015608837,0
2015-11-13,46311.0,17238.890625,3.7629,23537.68578108492,0
2015-11-16,46399.0,17210.429688,3.8119,23756.258779903837,1
2015-11-17,46848.0,17451.410156,3.787,23654.227370060737,0
2015-11-18,47241.0,17485.490234,3.7638,23481.832006095723,0
2015-11-19,47437.0,17681.980469,3.7144,23546.457264795925,0
2015-11-23,47988.0,17751.529297,3.7052,23582.450867744148,0
2015-11-24,47442.0,17683.509766,3.6937,23646.69819090116,1
2015-11-25,46742.0,17801.830078,3.6947,23758.9398850323,0
2015-11-27,45812.0,17749.320313,3.717,23636.613082171523,0
2015-11-30,45106.0,17719.789063,3.835,23831.02980744483,0
2015-12-01,44775.0,17719.720703,3.8262,23707.847605256084,0
2015-12-02,44579.0,17708.199219,3.823,23750.0439259501,0
2015-12-03,44923.0,17425.560547,3.7341,23699.034567432394,0
2015-12-04,45023.0,17482.679688,3.7243,23878.97041810737,0
2015-12-07,45217.0,17639.25,3.7295,23827.841062527026,0
2015-12-08,44232.0,17485.390625,3.7453,23957.06516211347,0
2015-12-09,44444.0,17403.509766,3.7165,23912.528116813308,0
2015-12-10,45351.0,17474.660156,3.7406,24032.0990088231,0
2015-12-11,45068.0,17230.5,3.8051,24045.553773792377,0
2015-12-14,44531.0,17138.470703,3.8575,24020.413319599294,0
2015-12-15,44748.0,17341.179688,3.8504,24060.367299910624,0
2015-12-16,44095.0,17483.679688,3.8727,24140.014036836335,0
2015-12-17,45016.0,17493.5,3.8595,24145.28327705043,0
2015-12-18,43690.0,17124.310547,3.8755,24296.61012086252,0
2015-12-21,43196.0,17116.730469,3.9626,24409.242227855077,0
2015-12-22,43137.0,17242.859375,3.9724,24446.228071635043,0
2015-12-23,43479.0,17427.630859,3.9405,24433.970862814764,0
2015-12-28,43709.0,17437.339844,3.8574,24225.36235899532,0
2015-12-29,43523.0,17547.369141,3.8402,24366.904409477862,0
2015-12-30,43217.0,17588.869141,3.8545,24701.086253756876,0
2016-01-04,42125.0,16957.630859,3.959,25582.21058368689,0
2016-01-05,42137.0,17038.609375,3.9883,25639.41683731466,0
2016-01-06,41590.0,16817.619141,4.004,25495.959871038725,0
2016-01-07,40695.0,16463.630859,4.0216,25699.086115838738,0
2016-01-08,40463.0,16314.570313,4.005,25755.997077060183,0
2016-01-11,39924.0,16232.030272999998,4.0022,25561.23014983254,0
2016-01-12,39426.0,16322.070313,4.0192,25743.46915574724,0
2016-01-13,38822.0,16123.200195,3.9707,25859.508410300197,0
2016-01-14,38459.0,16075.120116999999,3.9907,25921.88890406301,0
2016-01-15,37986.0,15842.110352000002,4.0002,25940.840647174427,0
2016-01-19,37941.0,15900.25,3.9985,25996.57471248159,0
2016-01-20,37046.0,15450.55957,4.0609,25899.727909150388,0
2016-01-21,37495.0,15704.660156,4.0965,26036.10332565163,0
2016-01-22,37737.0,15921.099609,4.093,25997.245599475482,0
2016-01-26,37112.0,15893.160156,4.0482,25962.399109908838,0
2016-01-27,37402.0,15878.299805,4.0295,26147.423726289253,1
2016-01-28,37996.0,15863.719727000002,4.0347,26114.101777868294,0
2016-01-29,38635.0,16090.259766,3.9928,25871.875396787284,0
2016-02-01,39738.0,16299.469727000002,3.9492,25895.57572159188,0
2016-02-02,38596.0,16108.44043,3.9608,26132.01473142313,0
2016-02-03,38597.0,15960.450195,3.8948,26162.36451615073,0
2016-02-04,39589.0,16266.160156,3.8453,26207.31789408229,0
2016-02-05,40566.0,16129.80957,3.8603,26119.91759640986,0
2016-02-10,39960.0,15899.910156,3.882,25801.646817066565,0
2016-02-11,38928.0,15503.009766,3.924,25867.046874038242,0
2016-02-12,39324.0,15691.620116999999,3.9667,26170.821832758287,0
2016-02-16,40074.0,16012.389647999998,3.9882,26267.12253627206,0
2016-02-17,40958.0,16217.980469,3.9672,26147.41312434713,0
2016-02-18,41183.0,16390.429688,3.9705,26148.503093432264,0
2016-02-19,41071.0,16278.0,4.0138,26145.83166111574,0
2016-02-22,41544.0,16417.130859,3.9306,26145.6845739529,1
2016-02-23,42359.0,16403.529297,3.9388,26176.38169679634,0
2016-02-24,41211.0,16165.860352000002,3.9474,26241.988491559277,0
2016-02-25,41442.0,16458.419922,3.9213,26258.59189814893,0
2016-02-26,41417.0,16623.910156,3.931,26237.914765540812,0
2016-02-29,41599.0,16510.400391,3.9507,26163.41897688655,0
2016-03-01,42795.0,16545.669922,3.9265,26029.180928347352,0
2016-03-02,43841.0,16766.320313,3.8847,25822.825084441127,0
2016-03-03,44900.0,16820.730469,3.7773,25832.37647804432,0
2016-03-04,47194.0,16898.839844,3.6537,25965.322038633418,1
2016-03-07,48746.0,16940.480469,3.7353,26033.599215412734,0
2016-03-08,48847.0,16921.509766,3.733,26214.179207779616,0
2016-03-09,48623.0,16947.939453,3.6805,26338.14629854583,0
2016-03-10,47922.0,16821.859375,3.6086,26338.419608304404,0
2016-03-11,49156.0,17014.990234,3.5725,26728.494113327903,0
2016-03-14,48757.0,17161.160156,3.5768,26705.6795647742,0
2016-03-15,46684.0,17120.349609,3.6543,26749.22018873277,0
2016-03-16,46521.0,17204.070313,3.731,26390.434197077517,0
2016-03-17,47770.0,17297.650391,3.6029,26099.75819277732,0
2016-03-18,50202.0,17481.490234,3.5732,26089.221146364307,0
2016-03-21,50765.0,17551.279297,3.5998,26235.8877286055,1
2016-03-22,50812.0,17540.419922,3.5744,26503.748799852103,1
2016-03-23,49491.0,17486.269531,3.5772,26513.596460375036,0
2016-03-24,48778.0,17399.009766,3.6771,26524.041236886595,0
2016-03-28,49687.0,17493.029297,3.6208,26471.666227773567,0
2016-03-29,50387.0,17434.269531,3.6226,26335.057370668284,0
2016-03-30,50900.0,17652.359375,3.5972,26479.02066838208,0
2016-03-31,49642.0,17669.720703,3.5323,26241.565958983687,0
2016-04-01,49361.0,17568.019531,3.5354,26144.262872574483,1
2016-04-04,48600.0,17710.669922,3.5468,26193.800346183278,0
2016-04-05,48149.0,17579.560547,3.6193,26090.321420587596,0
2016-04-06,47874.0,17542.539063,3.6335,25999.101428787613,0
2016-04-07,48099.0,17484.230469,3.6391,26030.16555199885,0
2016-04-08,48517.0,17528.160156,3.5875,25931.281666725234,0
2016-04-11,50078.0,17555.900391,3.4871,25950.44004411543,0
2016-04-12,50166.0,17553.570313,3.4773,25790.08050837451,1
2016-04-13,52010.0,17741.660156,3.4712,25718.96950342755,0
2016-04-14,52242.0,17885.439453,3.4581,25803.760782811612,0
2016-04-15,52414.0,17867.410156,3.4674,25806.24281509132,0
2016-04-18,52305.0,17848.220703,3.4717,25842.89958682666,0
2016-04-19,52894.0,17984.429688,3.5244,25961.954876900003,0
2016-04-20,53149.0,18031.210938,3.5247,26127.961979958036,0
2016-04-22,52629.0,17909.890625,3.5256,25920.956677905197,0
2016-04-25,51748.0,17855.550781,3.5396,25883.482609407747,0
2016-04-26,51838.0,17934.169922,3.5174,25796.102699625997,0
2016-04-27,53094.0,17920.259766,3.5112,25686.301808493645,0
2016-04-28,53963.0,17796.550781,3.4806,25682.340083205414,0
2016-04-29,53592.0,17651.980469,3.4289,25738.07374380142,0
2016-05-02,53265.0,17773.710938,3.4331,25882.357298193136,0
2016-05-03,52260.0,17670.880859,3.4989,26044.47431356219,0
2016-05-04,51931.0,17609.009766,3.5259,26053.395004875227,0
2016-05-05,51311.0,17615.820313,3.5065,26115.138801181907,0
2016-05-06,51204.0,17580.380859,3.4946,26169.84081453051,0
2016-05-09,49908.0,17668.380859,3.4918,26368.48588382824,0
2016-05-10,50994.0,17726.660156,3.4628,26419.720224366713,0
2016-05-11,52736.0,17711.050781,3.4404,26386.313605332045,0
2016-05-12,52424.0,17625.380859,3.4356,26537.01700913234,0
2016-05-13,51366.0,17512.480469,3.4645,26683.71936838909,0
2016-05-16,51585.0,17531.759766,3.4957,26322.60360142908,0
2016-05-17,50689.0,17469.919922,3.4827,26484.506318369215,0
2016-05-18,50301.0,17418.210938,3.4867,26588.999433029916,0
2016-05-19,49588.0,17331.070313,3.5516,26538.650651433054,0
2016-05-20,49723.0,17437.320313,3.5162,26351.22302854952,0
2016-05-23,48695.0,17480.050781,3.5127,26071.78941294704,1
2016-05-24,49153.0,17525.189453,3.5427,26051.81514008359,1
2016-05-25,49347.0,17735.089844,3.5514,26129.796776261246,0
2016-05-27,48869.0,17824.730469,3.5803,26236.491943360103,0
2016-05-31,48292.0,17724.029297,3.5539,26096.71682760712,0
2016-06-01,48200.0,17664.789063,3.5766,26141.959631514943,0
2016-06-02,48781.0,17703.550781,3.5774,26148.134055130413,0
2016-06-03,49888.0,17689.679688,3.5215,26254.649342339435,0
2016-06-06,50097.0,17822.810547,3.4851,26409.796488276057,0
2016-06-07,50005.0,17936.220703,3.4412,26311.93122997266,0
2016-06-08,50490.0,17931.910156,3.3599,26494.359439252312,0
2016-06-09,50832.0,17915.880859,3.3566,26341.375107114825,0
2016-06-10,49421.0,17812.339844,3.396,26548.19234944441,0
2016-06-13,48804.0,17731.349609,3.4139,26654.254838914294,0
2016-06-14,48216.0,17595.789063,3.4573,26619.06542800433,0
2016-06-15,48324.0,17629.009766,3.4455,26616.513199084864,0
2016-06-16,48067.0,17471.289063,3.4614,26696.319993147503,0
2016-06-17,49405.0,17602.779297,3.4147,26828.23945667906,0
2016-06-20,49539.0,17736.869141,3.3748,26692.360966267603,0
2016-06-21,49678.0,17799.800781,3.3552,26315.818458600672,0
2016-06-22,50060.0,17770.359375,3.3678,26192.477462280523,0
2016-06-23,50161.0,17844.109375,3.3371,26127.057904245114,0
2016-06-24,49544.0,17356.339844,3.3318,25806.25824963141,0
2016-06-27,48954.0,17063.080078,3.3658,25860.379347118338,0
2016-06-28,49252.0,17190.509766,3.2995,25913.150310333418,0
2016-06-29,50009.0,17456.019531,3.2183,25677.45951961585,0
2016-06-30,50585.0,17711.800781,3.1826,25415.31234147771,0
2016-07-01,51411.0,17916.910156,3.1967,25587.93115949765,0
2016-07-05,51510.0,17785.279297,3.2687,25676.153287840374,0
2016-07-06,50825.0,17713.449219,3.298,25627.798824632104,0
2016-07-07,51888.0,17816.650391,3.3211,25772.490927353814,1
2016-07-08,52020.0,17971.220703,3.2824,26042.639590612343,0
2016-07-11,53143.0,18161.529297,3.2917,26215.380059154828,0
2016-07-12,53961.0,18259.119141,3.2654,26299.53031882687,0
2016-07-13,53733.0,18315.759766,3.2637,26477.79745004725,0
2016-07-14,54601.0,18414.300781,3.2171,26632.89625245112,0
2016-07-15,55233.0,18471.619141,3.2431,26556.731223066046,0
2016-07-18,55355.0,18489.839844,3.246,26724.22802443213,0
2016-07-19,56246.0,18495.109375,3.248,26649.21609985083,0
2016-07-20,56221.0,18555.650391,3.2378,26610.860408926663,0
2016-07-21,56233.0,18469.669922,3.2428,26767.149517046357,0
2016-07-22,56518.0,18491.589844,3.2535,26588.9839793839,0
2016-07-25,56398.0,18452.619141,3.2558,26682.270651967094,0
2016-07-26,56708.0,18387.220703,3.2652,26794.2500728167,0
2016-07-27,56788.0,18430.939453,3.2595,26789.17494403241,0
2016-07-28,55993.0,18368.820313,3.2539,26583.554579359676,0
2016-07-29,56340.0,18371.119141,3.2283,26495.788035339116,0
2016-08-01,56676.0,18355.75,3.2465,26521.84585318388,0
2016-08-02,55696.0,18247.789063,3.237,26223.599569459406,1
2016-08-03,55788.0,18283.230469,3.2372,26175.957768208595,0
2016-08-04,57076.0,18325.169922,3.1904,25933.09750442043,0
2016-08-05,57290.0,18402.800781,3.1602,25965.42387376625,0
2016-08-08,57504.0,18502.029297,3.1593,25968.06727532871,0
2016-08-09,57615.0,18507.75,3.1278,25960.45418004819,0
2016-08-10,56735.0,18468.779297,3.1128,25733.898724360708,0
2016-08-11,56923.0,18519.080078,3.1221,25381.10866713668,0
2016-08-12,57987.0,18535.859375,3.1387,25455.340479845516,0
2016-08-15,58316.0,18559.929688,3.1561,25603.314239908734,0
2016-08-16,58589.0,18550.650391,3.1564,25719.384545125962,0
2016-08-17,58081.0,18468.679688,3.1976,25621.806511660347,0
2016-08-18,58829.0,18533.289063,3.1999,25666.050868955797,0
2016-08-19,58599.0,18491.240234,3.2035,25560.100512175555,0
2016-08-22,57631.0,18466.859375,3.1974,25685.64386816435,0
2016-08-23,57781.0,18545.519531,3.1848,25606.723692823718,0
2016-08-24,57456.0,18448.269531,3.2184,25517.676813174345,0
2016-08-25,57639.0,18431.460938,3.2156,25518.387502816357,0
2016-08-26,57259.0,18335.339844,3.1895,25591.294806470676,0
2016-08-29,57642.0,18419.919922,3.2295,25591.669748920835,0
2016-08-30,58293.0,18408.519531,3.2182,25420.911044377062,0
2016-08-31,57506.0,18333.560547,3.2157,25216.379386327117,0
2016-09-01,57638.0,18295.480469,3.2184,24975.638573881493,0
2016-09-02,58241.0,18439.099609,3.2244,25163.657605131408,0
2016-09-06,59182.0,18450.320313,3.1947,25450.0337407534,0
2016-09-08,59743.0,18446.689453,3.1652,25482.984278712338,0
2016-09-09,57961.0,18085.449219,3.2101,25443.867133607117,0
2016-09-12,57511.0,17994.839844,3.2409,25495.946670868158,0
2016-09-13,56459.0,18028.060547,3.2433,25530.08974226768,0
2016-09-14,56694.0,17992.210938,3.2975,25555.258882258768,0
2016-09-15,57068.0,18015.490234,3.2926,25469.799051751623,0
2016-09-16,56794.0,18070.210938,3.2605,25430.08283147537,0
2016-09-19,57083.0,18093.050781,3.2519,25723.617301556013,0
2016-09-20,57356.0,18128.800781,3.2456,25946.535001201453,0
2016-09-21,57326.0,18121.570313,3.2058,25916.838376015752,0
2016-09-22,58408.0,18343.759766,3.181,25809.177639274123,1
2016-09-23,58409.0,18254.839844,3.2018,25689.261383718196,0
2016-09-26,57904.0,18083.320313,3.2237,25794.392053116197,1
2016-09-27,57411.0,18052.160156,3.2189,25886.532150703377,0
2016-09-28,58353.0,18179.339844,3.2133,25831.720201616197,0
2016-09-29,58292.0,18091.640625,3.2138,25956.108310362528,0
2016-09-30,58271.0,18181.800781,3.2308,26229.271358911457,0
2016-10-03,58367.0,18203.75,3.1988,26201.930141091027,0
2016-10-04,58892.0,18116.259766,3.2072,26186.13160567949,0
2016-10-05,59340.0,18205.5,3.2171,26103.40489861815,0
2016-10-06,60070.0,18162.970703,3.2163,25950.07176241488,0
2016-10-07,60479.0,18149.349609,3.192,25936.208460184895,0
2016-10-10,61130.0,18282.949219,3.1985,26027.709611908296,0
2016-10-11,60885.0,18061.960938,3.1938,26017.40626807353,0
2016-10-13,60243.0,17959.949219,3.1765,26030.47656595826,0
2016-10-14,61120.0,18138.380859,3.1647,26129.00496508227,0
2016-10-17,61719.0,18063.019531,3.1892,26010.222474918937,0
2016-10-18,62701.0,18129.449219,3.1744,25937.396369374605,0
2016-10-19,63309.0,18169.25,3.1641,25783.252060111055,0
2016-10-20,62729.0,18129.070313,3.1348,25738.55470826492,0
2016-10-21,63379.0,18049.769531,3.1376,25694.081274925247,0
2016-10-24,63914.0,18191.179688,3.1146,25628.321072013692,0
2016-10-25,63248.0,18151.699219,3.1026,25701.93411642783,0
2016-10-26,63084.0,18062.300781,3.1114,25692.105938567736,0
2016-10-27,63827.0,18149.199219,3.1285,25834.420446595475,0
2016-10-28,63778.0,18094.970703,3.158,26176.264511545836,0
2016-10-31,64312.0,18130.580078,3.1638,26080.522550643695,0
2016-11-01,63019.0,17940.839844,3.178,25977.31167094248,0
2016-11-03,61750.0,17904.070313,3.221,26003.35509983793,0
2016-11-04,61491.0,17883.560547,3.2169,26002.45056803889,0
2016-11-07,61601.0,17994.640625,3.1885,25969.457681569438,0
2016-11-08,63381.0,18200.75,3.163,25667.397705181855,0
2016-11-09,61794.0,18252.550781,3.165,25697.23754723352,0
2016-11-10,60553.0,18603.140625,3.2095,25714.244774210314,1
2016-11-11,58921.0,18736.960938,3.3712,25658.385950992466,0
2016-11-14,58322.0,18815.75,3.3893,25857.795201690744,0
2016-11-16,59364.0,18825.890625,3.4033,25852.88517104056,0
2016-11-17,59746.0,18845.269531,3.3873,25665.925648830133,1
2016-11-18,59327.0,18853.830078,3.3715,25507.095182078116,0
2016-11-21,59963.0,18883.099609,3.3405,25467.714872709348,0
2016-11-22,61072.0,18962.820313,3.3283,25565.877956005137,0
2016-11-23,61234.0,19000.380859,3.353,25494.928492481842,0
2016-11-25,60573.0,19093.720703,3.3908,25387.84526092169,0
2016-11-28,61240.0,19072.25,3.3823,25276.652877655462,0
2016-11-29,60980.0,19062.220703,3.38,25020.55358784311,0
2016-11-30,60994.0,19123.380859,3.3766,25004.643266135656,0
2016-12-01,59058.0,19138.789063,3.382,25069.091288285254,0
2016-12-02,58092.0,19141.179688,3.444,25062.4439657509,0
2016-12-05,59635.0,19186.730469,3.4184,25029.314278602276,0
2016-12-06,59396.0,19184.740234,3.3941,24986.431184218378,0
2016-12-07,61062.0,19229.830078,3.3761,24933.09338147261,0
2016-12-08,60499.0,19527.830078,3.3695,24846.152170932393,0
2016-12-09,60316.0,19623.189453,3.3525,24788.108635952412,0
2016-12-12,59035.0,19747.740234,3.3356,24930.087954120016,0
2016-12-13,58758.0,19846.449219,3.3178,24988.79911662845,0
2016-12-14,58212.0,19748.669922,3.3027,25155.75279295539,0
2016-12-15,57575.0,19811.5,3.3625,25135.649046682964,0
2016-12-16,58365.0,19821.0,3.3425,25093.215618182687,0
2016-12-19,57109.0,19832.949219,3.3605,25215.103797004795,0
2016-12-20,57038.0,19920.419922,3.3403,25153.786374689345,0
2016-12-21,57221.0,19941.960938,3.3217,25078.195600902436,0
2016-12-22,56829.0,19882.189453,3.2861,24784.810810706163,0
2016-12-23,57255.0,19899.060547,3.2575,24659.504770028416,0
2016-12-27,58402.0,19939.800781,3.2686,24672.442365737188,0
2016-12-28,58688.0,19827.310547,3.263,24638.459342118604,0
2016-12-29,59278.0,19788.939453,3.2416,24534.42768120678,0
2017-01-03,59631.0,19775.929688,3.2466,24528.963900312578,0
2017-01-04,61302.0,19878.830078,3.21,24370.552016627713,0
2017-01-05,61594.0,19811.119141,3.1928,24251.131639474843,0
2017-01-06,61396.0,19834.080078,3.1871,24346.19427636615,0
2017-01-09,61307.0,19887.380859,3.1894,24273.086595592267,0
2017-01-10,61710.0,19836.029297,3.1808,24295.76920075669,0
2017-01-11,61665.0,19833.160156,3.1775,24313.696483142194,0
2017-01-12,62448.0,19770.470703,3.1522,24431.56927741583,0
2017-01-13,63366.0,19849.380859,3.1798,24410.84290132634,0
2017-01-17,63456.0,19775.349609,3.1957,24438.404941269528,0
2017-01-18,64063.0,19739.0,3.2132,24525.219114641513,0
2017-01-19,63574.0,19677.939453,3.1932,24357.61872796277,0
2017-01-20,63951.0,19759.140625,3.1689,24247.87412539059,0
2017-01-23,64500.0,19732.359375,3.1534,24477.21648853535,0
2017-01-24,65615.0,19786.710938,3.1583,24320.624498699468,0
2017-01-26,65842.0,20067.529297,3.1612,24183.91785620877,0
2017-01-27,65876.0,20072.640625,3.1398,24174.39523571132,0
2017-01-30,64165.0,19870.390625,3.1138,23930.62678040799,0
2017-01-31,64284.0,19784.769531,3.1012,23901.071400471392,0
2017-02-01,64687.0,19845.990234,3.1275,23860.714802706345,0
2017-02-02,64163.0,19831.089844,3.1075,23613.74316809177,0
2017-02-03,64264.0,19964.210938,3.1042,23596.638395199006,0
2017-02-06,63933.0,20002.810547,3.105,23569.47379771556,0
2017-02-07,63938.0,20068.679688,3.1155,23491.136892340404,0
2017-02-08,63740.0,20015.330078,3.1125,23420.16250023331,0
2017-02-09,64587.0,20061.730469,3.1134,23566.452185386785,0
2017-02-10,64935.0,20204.759766,3.1061,23661.544326962325,0
2017-02-13,66125.0,20322.949219,3.1075,23587.949659662474,0
2017-02-14,66251.0,20374.019531,3.0825,23395.395074553042,0
2017-02-15,66712.0,20496.029297,3.0545,23137.946285484726,0
2017-02-16,67661.0,20556.830078,3.0387,23178.09131392069,0
2017-02-17,67158.0,20532.609375,3.0796,23276.127324975725,0
2017-02-21,68536.0,20663.369141,3.0848,23324.672616242515,0
2017-02-22,68282.0,20692.390625,3.0604,23257.794010374386,0
2017-02-23,67279.0,20746.410156,3.0519,23401.08982646599,1
2017-02-24,66452.0,20733.949219,3.06,23159.051229832876,0
2017-03-01,66661.0,20957.289063,3.09,22947.668218352577,0
2017-03-02,65594.0,20996.609375,3.0895,23033.286829741675,0
2017-03-03,65860.0,20953.859375,3.112,22763.606760143328,0
2017-03-06,66119.0,20912.109375,3.1,22611.114756290128,0
2017-03-07,65668.0,20901.259766,3.1119,22423.73086518506,0
2017-03-08,64496.0,20835.580078,3.1197,22576.898970196224,0
2017-03-09,64203.0,20777.160156,3.1599,22552.794428370802,0
2017-03-10,64472.0,20827.660156,3.1392,22609.089981730453,0
2017-03-13,64674.0,20845.710938,3.1292,22671.03066179848,0
2017-03-14,64699.0,20786.310547,3.1501,22684.66617846586,0
2017-03-15,64537.0,20859.599609,3.0972,22687.93623868482,0
2017-03-16,65531.0,20893.5,3.0925,22606.596176312185,0
2017-03-17,64152.0,20911.070313,3.0875,22497.763797698437,0
2017-03-20,63672.0,20885.699219,3.0673,22351.3577362714,0
2017-03-21,62795.0,20653.259766,3.06,22302.4325832461,0
2017-03-22,62496.0,20578.949219,3.0808,21867.2521763291,0
2017-03-23,62840.0,20618.619141,3.0873,21805.21047992382,0
2017-03-24,63469.0,20529.669922,3.1048,21644.539836073734,0
2017-03-27,63030.0,20412.800781,3.1079,22056.087233007012,0
2017-03-28,64042.0,20520.099609,3.1233,21948.38690372418,1
2017-03-29,64476.0,20625.029297,3.1122,21685.606986767267,0
2017-03-30,65070.0,20643.599609,3.1178,21591.263537420207,0
2017-03-31,64859.0,20660.679688,3.1214,21544.737145751416,0
2017-04-03,64774.0,20517.820313,3.1099,21313.691980121628,0
2017-04-04,64990.0,20605.300781,3.0924,21227.354224974904,0
2017-04-05,64493.0,20639.550781,3.0808,21174.750452527405,0
2017-04-06,63762.0,20612.169922,3.1063,21290.386572367344,0
2017-04-07,64016.0,20606.949219,3.1183,21364.97015369631,0
2017-04-10,64115.0,20614.859375,3.1302,21454.696758973532,0
2017-04-11,63351.0,20512.560547,3.1256,21406.00459689954,0
2017-04-12,63814.0,20553.029297,3.1197,21395.452386969333,0
2017-04-13,62826.0,20453.25,3.1145,21420.02996596933,0
2017-04-17,62828.0,20484.75,3.093,21579.450651825555,0
2017-04-18,63717.0,20462.279297,3.0878,21727.757583774735,0
2017-04-19,63219.0,20379.550781,3.1075,21550.61886809949,0
2017-04-20,63388.0,20406.679688,3.1324,21264.168078581293,0
2017-04-24,63761.0,20723.589844,3.1182,21192.802463046737,0
2017-04-25,63875.0,20909.380859,3.1275,21227.509689700757,0
2017-04-26,64679.0,20972.269531,3.1434,21132.379955442975,0
2017-04-27,64292.0,20935.800781,3.1545,21089.584834755693,0
2017-04-28,64592.0,20926.75,3.1698,21237.72587771677,0
2017-05-02,65404.0,20904.060547,3.146,21361.406482463266,0
2017-05-03,65898.0,20874.179688,3.1408,21303.807479711177,0
2017-05-04,64721.0,20847.949219,3.1614,21188.31081853352,1
2017-05-05,64863.0,20905.0,3.1682,21138.386900661077,0
2017-05-08,65295.0,20971.050781,3.1753,21216.54895668616,0
2017-05-09,65533.0,20938.039063,3.178,21129.87954841468,0
2017-05-10,66284.0,20884.150391,3.1523,21193.92389589309,0
2017-05-11,67191.0,20798.900391,3.137,21109.83366267721,0
2017-05-12,67536.0,20869.740234,3.1164,21090.362085451736,0
2017-05-15,68081.0,20923.630859,3.096,21008.36614637849,0
2017-05-16,68124.0,20932.880859,3.0873,20805.68806233172,0
2017-05-17,67163.0,20601.080078,3.0951,20998.727973930636,0
2017-05-18,60315.0,20553.449219,3.1389,20942.58274324252,0
2017-05-19,61597.0,20687.939453,3.2414,20963.186585600903,0
2017-05-22,60925.0,20860.160156,3.2519,20502.112010402943,0
2017-05-23,61670.0,20896.220703,3.2543,20702.68695313953,0
2017-05-24,62673.0,20933.580078,3.2477,20539.45852211324,0
2017-05-25,62762.0,21051.410156,3.2618,20632.356403851907,0
2017-05-26,63228.0,21050.490234,3.2516,20645.88885998267,1
2017-05-30,63720.0,21009.599609,3.2544,20580.458401914402,0
2017-05-31,62673.0,20942.570313,3.2245,20310.026221013693,0
2017-06-01,62165.0,20994.220703,3.2151,20131.925018644022,0
2017-06-02,62161.0,21129.560547,3.2207,20055.210165184064,0
2017-06-05,62010.0,21168.689453,3.2462,20198.464048405334,0
2017-06-06,62426.0,21118.460938,3.2725,19962.004680637252,0
2017-06-07,62912.0,21113.310547,3.2652,20006.941677282997,0
2017-06-08,62376.0,21138.160156,3.2617,20039.84398432017,0
2017-06-09,62095.0,21159.449219,3.2561,20035.95096805288,0
2017-06-12,61279.0,21186.150391,3.2747,20013.975420828167,0
2017-06-13,61510.0,21256.830078,3.2974,20005.988629534775,0
2017-06-14,61508.0,21294.089844,3.2635,19954.194341963197,0
2017-06-16,61269.0,21308.009766,3.2786,19818.09337121068,0
2017-06-19,61620.0,21436.080078,3.2801,19705.467009961725,0
2017-06-20,60766.0,21464.240234,3.2824,19439.306008689444,0
2017-06-21,60544.0,21390.0,3.314,19216.35534228873,0
2017-06-22,60758.0,21394.810547,3.3226,19101.500604748588,0
2017-06-23,60992.0,21333.890625,3.3257,19276.988280117403,0
2017-06-26,61088.0,21381.25,3.295,19383.703717567114,0
2017-06-27,61580.0,21310.660156,3.2968,19533.57302665891,0
2017-06-28,61433.0,21372.359375,3.2788,19439.799483665367,0
2017-06-29,61689.0,21197.080078,3.2708,19586.854115051858,0
2017-06-30,62238.0,21325.080078,3.2866,19608.202552023788,0
2017-07-03,62901.0,21391.710938,3.2938,19740.233416780207,0
2017-07-05,62708.0,21404.759766,3.2889,19813.43673134686,0
2017-07-06,62354.0,21305.380859,3.2883,19559.78942483183,0
2017-07-07,62035.0,21350.720703,3.2679,19629.51414734155,0
2017-07-10,62322.0,21371.109375,3.2551,19798.46579615411,0
2017-07-11,62908.0,21279.300781,3.2462,19929.82041481133,0
2017-07-12,63827.0,21467.929688,3.205,19844.07007309317,0
2017-07-13,64854.0,21512.359375,3.2024,19862.268074361502,0
2017-07-14,65178.0,21521.720703,3.1782,20016.85627869141,0
2017-07-17,65119.0,21617.660156,3.1761,20025.84374777659,0
2017-07-18,64943.0,21471.140625,3.1536,20223.186873315466,0
2017-07-19,64874.0,21565.839844,3.1444,20362.19428684388,0
2017-07-20,64898.0,21576.960938,3.1183,20581.741377200702,0
2017-07-21,64599.0,21503.779297,3.1099,20677.41363049482,0
2017-07-24,64678.0,21496.130859,3.1341,20697.932110547885,0
2017-07-25,65101.0,21577.369141,3.1364,20514.55883056458,0
2017-07-26,64992.0,21683.289063,3.1349,20588.361468805528,0
2017-07-27,65013.0,21687.849609,3.1382,20703.969716659252,1
2017-07-28,64953.0,21756.119141,3.1283,20999.340967485834,0
2017-07-31,65503.0,21861.710938,3.1138,20985.27321402979,0
2017-08-01,65925.0,21940.810547,3.1079,20986.65516462232,0
2017-08-02,66305.0,21967.460938,3.1126,21123.202037776977,0
2017-08-03,66705.0,21991.320313,3.1096,21113.44529127959,0
2017-08-04,66525.0,22024.640625,3.1079,21063.146220329,0
2017-08-07,66887.0,22081.970703,3.1204,21296.288025657374,0
2017-08-08,67671.0,22057.289063,3.1189,21253.693596708545,0
2017-08-09,67290.0,21996.689453,3.1263,21227.61734067065,0
2017-08-10,66650.0,21843.939453,3.1466,21198.880615480317,0
2017-08-11,66678.0,21842.740234,3.1547,21330.349761299847,0
2017-08-14,67226.0,21945.640625,3.1734,21344.969944282442,0
2017-08-15,68293.0,21971.480469,3.1657,21430.324066674566,0
2017-08-16,68304.0,22002.470703,3.1454,21359.76313358709,0
2017-08-17,67866.0,21750.320313,3.1524,21505.331790856973,0
2017-08-18,67979.0,21641.630859,3.1404,21652.533081820686,1
2017-08-21,68514.0,21600.339844,3.1361,21645.779612259623,0
2017-08-22,68645.0,21738.130859,3.1466,21463.11928388552,0
2017-08-23,69947.0,21808.390625,3.134,21372.113809283434,1
2017-08-24,70482.0,21765.820313,3.133,21471.171326999614,0
2017-08-25,70801.0,21812.810547,3.1357,21676.29176794723,0
2017-08-28,70909.0,21767.939453,3.1483,21792.48809165094,0
2017-08-29,70517.0,21673.580078,3.1582,21791.262492445527,0
2017-08-30,70755.0,21839.470703,3.1559,21698.202149331333,0
2017-08-31,70516.0,21910.5,3.1372,21850.46934473261,0
2017-09-01,70846.0,21974.910156,3.1223,22164.103438253314,0
2017-09-05,71827.0,21709.630859,3.1122,22375.571207049547,0
2017-09-06,72157.0,21794.070313,3.0987,22418.60249997353,0
2017-09-08,72925.0,21731.119141,3.0819,22548.76029115676,0
2017-09-11,73096.0,21927.789063,3.0791,22601.264368779855,0
2017-09-12,74294.0,22087.089844,3.1029,22653.951547581997,0
2017-09-13,74196.0,22095.789063,3.1222,22656.001075118547,0
2017-09-14,74397.0,22135.259766,3.1127,22567.47917863849,0
2017-09-15,74648.0,22214.519531,3.1085,22710.527525418755,0
2017-09-18,75621.0,22283.349609,3.1079,22653.246043333904,0
2017-09-19,75300.0,22340.710938,3.1244,22406.401281334514,0
2017-09-20,75074.0,22314.679688,3.1136,22549.95427857,0
2017-09-21,75282.0,22356.550781,3.1256,22623.372574654008,0
2017-09-22,75029.0,22299.580078,3.1223,22626.468508402246,0
2017-09-25,74303.0,22219.109375,3.126,22728.753282330123,0
2017-09-26,74319.0,22279.519531,3.1522,22660.988247787427,0
2017-09-27,73125.0,22254.929688,3.1665,22733.304401753016,0
2017-09-28,73277.0,22288.970703,3.1772,22682.76594751356,0
2017-09-29,73571.0,22332.960938,3.1562,22557.544781819855,0
2017-10-02,73845.0,22416.0,3.1513,22467.9318071821,0
2017-10-03,74363.0,22562.900391,3.141,22430.46387867198,0
2017-10-04,76422.0,22632.800781,3.1221,22334.91453094381,0
2017-10-05,76592.0,22655.140625,3.1244,22357.77734239351,0
2017-10-06,75603.0,22730.849609,3.1496,22467.00271848289,0
2017-10-09,75181.0,22739.380859,3.1558,22594.114494990507,0
2017-10-10,75745.0,22770.990234,3.1618,22687.71071405247,0
2017-10-11,76323.0,22821.660156,3.1599,22560.809433195223,0
2017-10-13,76659.0,22855.929688,3.1437,22577.36636598766,0
2017-10-16,76565.0,22887.119141,3.1441,22541.225553239092,0
2017-10-17,76046.0,22948.230469,3.158,22506.07232877312,0
2017-10-18,76012.0,23086.75,3.1556,22429.445218612986,0
2017-10-19,75366.0,23052.669922,3.1625,22340.182835197276,0
2017-10-20,76291.0,23201.779297,3.1665,22338.07654495809,1
2017-10-23,75315.0,23273.960938,3.1893,22616.30064725445,0
2017-10-24,75426.0,23343.230469,3.2239,22686.20183077389,0
2017-10-25,75404.0,23251.109375,3.2283,22552.067011687035,0
2017-10-26,75813.0,23380.890625,3.2287,22703.639968233423,0
2017-10-27,75601.0,23353.160156,3.2342,22756.08351896509,0
2017-10-30,74305.0,23327.869141,3.2344,22908.992407303143,0
2017-10-31,74145.0,23334.390625,3.2645,23024.91287775112,0
2017-11-01,73823.0,23388.910156,3.2565,22983.940451713534,0
2017-11-03,73094.0,23481.570313,3.2482,23164.53428073052,0
2017-11-06,73830.0,23520.75,3.2476,23184.083224967606,0
2017-11-07,72386.0,23484.189453,3.2495,23106.68817258375,0
2017-11-08,72468.0,23510.560547,3.2401,22992.807431483634,0
2017-11-09,72795.0,23310.019531,3.2359,23016.071435548838,0
2017-11-10,71920.0,23392.960938,3.2501,23135.629360729166,0
2017-11-13,71776.0,23343.339844,3.276,23267.34861754165,0
2017-11-14,70825.0,23271.570313,3.2662,23358.100407084024,0
2017-11-16,70827.0,23365.339844,3.2677,23367.02274328225,0
2017-11-17,72390.0,23356.009766,3.2546,23275.884677986684,0
2017-11-21,73439.0,23500.150391,3.239,23184.47454444998,1
2017-11-22,74242.0,23507.609375,3.2213,23227.94819686163,0
2017-11-24,74093.0,23551.589844,3.2212,23407.856859817417,0
2017-11-27,73159.0,23545.019531,3.213,23433.20655168885,0
2017-11-28,74056.0,23617.109375,3.2019,23491.575062287528,0
2017-11-29,72700.0,23872.589844,3.2002,23657.609941136216,0
2017-11-30,71215.0,24013.800781,3.235,23582.309442017206,0
2017-12-01,71488.0,23921.900391,3.2479,23579.846124998687,0
2017-12-04,72266.0,24288.189453,3.2418,23661.21281747546,0
2017-12-05,72319.0,24155.279297,3.2197,23686.199603582267,0
2017-12-06,71906.0,24134.490234,3.2241,23607.852956315488,0
2017-12-07,71356.0,24101.240234,3.2468,23631.06197478115,0
2017-12-08,72489.0,24225.5,3.2648,23552.546379058884,0
2017-12-11,72498.0,24314.740234,3.2726,23477.728655246156,0
2017-12-12,71798.0,24443.830078,3.2963,23575.093159597847,0
2017-12-13,72569.0,24518.300781,3.2877,23696.28735209191,0
2017-12-14,71969.0,24508.660156,3.31,23759.342503119242,0
2017-12-15,72277.0,24584.439453,3.2942,23755.127935062304,0
2017-12-18,72621.0,24739.560547,3.278,23781.872934817846,0
2017-12-19,72347.0,24715.599609,3.2811,23860.884967260823,0
2017-12-20,72680.0,24697.109375,3.2807,23870.97342110399,0
2017-12-21,73265.0,24766.269531,3.2901,23793.18829149022,0
2017-12-22,74623.0,24717.509766,3.3034,23760.557397423017,0
2017-12-26,74924.0,24708.419922,3.3062,23838.819658312925,0
2017-12-27,75708.0,24731.679688,3.2916,23930.160173411892,0
2017-12-28,76077.0,24797.130859,3.2946,23937.76350237443,0
2018-01-02,76403.0,24741.699219,3.2569,24164.27597702696,0
2018-01-03,77602.0,24825.550781,3.2311,24106.020762346692,0
2018-01-04,77998.0,24963.269531,3.2214,24065.455331611276,0
2018-01-05,78218.0,25112.009766,3.2262,23962.01986774526,0
2018-01-08,78631.0,25235.410156,3.2227,23823.624829932705,0
2018-01-09,78699.0,25308.410156,3.2291,23766.735357857433,0
2018-01-10,78164.0,25256.990234,3.2252,23658.78194966296,0
2018-01-11,78201.0,25396.189453,3.2117,23590.718613236284,0
2018-01-12,78861.0,25633.080078,3.1989,23538.080415741464,0
2018-01-16,79668.0,25702.990234,3.2114,23406.98077406781,0
2018-01-17,79828.0,25865.019531,3.2113,23491.954213788842,0
2018-01-18,80498.0,25947.320313,3.2011,23399.411139763906,0
2018-01-19,80854.0,25942.830078,3.1936,23397.842957135672,0
2018-01-22,80923.0,25974.650391,3.1816,23532.394674990202,0
2018-01-23,80524.0,26143.900391,3.2012,23527.63741147588,0
2018-01-24,80679.0,26106.939453,3.1345,23440.409383905866,0
2018-01-26,83680.0,26425.349609,3.1195,23418.125013814457,0
2018-01-29,84341.0,26435.339844,3.153,23540.69516371359,0
2018-01-30,83804.0,26028.419922,3.1477,23431.329961111445,0
2018-01-31,84484.0,26050.980469,3.1454,23383.73462828278,0
2018-02-01,84833.0,26014.439453,3.1613,23376.99266511219,0
2018-02-02,83831.0,25490.660156,3.1671,23383.666196476774,0
2018-02-05,81861.0,23923.880859,3.213,23444.507349865427,0
2018-02-06,80804.0,23778.740234,3.2322,23601.69000440823,0
2018-02-07,82548.0,24785.439453,3.2371,23669.328030062276,0
2018-02-08,81109.0,23849.230469,3.2558,23680.302132247052,0
2018-02-09,79690.0,23360.289063,3.2673,23534.981779941325,0
2018-02-14,80901.0,24490.359375,3.2159,23567.304253219194,0
2018-02-15,83551.0,24809.419922,3.198,23460.305865550825,0
2018-02-16,83824.0,25149.259766,3.2021,23406.329136843924,0
2018-02-20,84261.0,24884.189453,3.234,23642.597286171498,0
2018-02-21,85804.0,24792.990234,3.2423,23654.80986116999,0
2018-02-22,86050.0,24854.830078,3.242,23718.913416987925,1
2018-02-23,86138.0,25028.730469,3.2322,23869.879397678407,0
2018-02-26,87242.0,25398.560547,3.2224,24152.768212483832,0
2018-02-27,86613.0,25407.830078,3.2217,24218.468930386007,0
2018-02-28,85431.0,25022.419922,3.2349,24155.786271637764,0
2018-03-01,84640.0,24442.560547,3.2383,24179.312328559674,0
2018-03-02,83897.0,24217.759766,3.248,24192.992087115595,0
2018-03-05,85053.0,24387.150391,3.2415,23948.464179124803,0
2018-03-06,85653.0,24708.410156,3.2055,23870.12589176165,0
2018-03-07,84397.0,24535.119141,3.2099,23809.609868776875,0
2018-03-08,84491.0,24703.050781,3.239,23952.136109655516,0
2018-03-09,84749.0,25004.890625,3.239,24038.04726824592,1
2018-03-12,86386.0,25152.019531,3.25,24162.24046404233,0
2018-03-13,86119.0,24947.5,3.2372,24523.59229826978,0
2018-03-14,85691.0,24668.830078,3.2466,24363.977165080225,0
2018-03-15,84720.0,24753.289063,3.2614,24008.30386430064,0
2018-03-16,84525.0,24857.089844,3.2719,23845.630427026255,0
2018-03-19,83678.0,24453.140625,3.279,23706.508689122253,0
2018-03-20,83682.0,24650.640625,3.2788,23828.067196005315,0
2018-03-21,84080.0,24655.400391,3.2635,23685.78533642304,0
2018-03-22,84197.0,23938.740234,3.2719,23571.721895946248,0
2018-03-23,84042.0,23509.060547,3.2936,23430.01362063387,1
2018-03-26,84357.0,23741.220703,3.2923,23567.66023610962,0
2018-03-27,83542.0,23708.730469,3.3098,23612.881063233923,0
2018-03-28,82889.0,23728.669922,3.3195,23525.0054691544,0
2018-03-29,83874.0,23928.130859,3.2926,23501.342265745065,0
2018-04-02,84166.0,23344.519531,3.2973,23552.88400041526,0
2018-04-03,84210.0,23664.330078,3.3026,23665.96521400835,0
2018-04-04,82826.0,23523.160156,3.3269,23776.851416884798,0
2018-04-05,84374.0,24313.910156,3.2961,23911.540613614427,0
2018-04-06,83833.0,23738.199219,3.3424,24030.973997670488,0
2018-04-09,83155.0,23954.830078,3.3641,24060.52263910271,0
2018-04-10,83312.0,24198.949219,3.4001,23908.14541135172,0
2018-04-11,84340.0,24150.869141,3.3727,23701.070285185247,0
2018-04-12,85025.0,24302.820313,3.3651,23737.92012015688,0
2018-04-13,84144.0,24243.740234,3.3963,23731.9963437002,0
2018-04-16,82762.0,24480.199219,3.4057,23641.607773900818,0
2018-04-17,82810.0,24681.789063,3.3887,23637.312811453812,0
2018-04-18,84090.0,24721.089844,3.3729,23539.446967584256,0
2018-04-19,85197.0,24557.029297,3.3802,23489.777752499693,0
2018-04-20,85025.0,24375.039063,3.3841,23532.11047749344,0
2018-04-23,84711.0,24328.539063,3.4142,23723.041405465654,0
2018-04-24,85106.0,23828.730469,3.4354,23798.46947432407,0
2018-04-25,84349.0,23823.080078,3.4706,23784.153909775127,0
2018-04-26,85051.0,24128.720703,3.4745,23780.8393477914,0
2018-04-27,86262.0,24194.449219,3.4533,23798.45257940587,0
2018-04-30,85979.0,24163.080078,3.4569,23910.2868500906,0
2018-05-02,84383.0,23886.300781,3.5078,23965.209011186194,0
2018-05-03,83178.0,23531.310547,3.5199,24056.891115903854,0
2018-05-04,82746.0,23778.869141,3.5141,23918.45306791463,0
2018-05-07,82602.0,24263.419922,3.5316,23939.402062380468,0
2018-05-08,82201.0,24198.339844,3.5509,24064.40693727069,1
2018-05-09,82855.0,24323.869141,3.5591,23920.271973173127,0
2018-05-10,84284.0,24575.910156,3.5424,23799.651068272105,0
2018-05-11,85183.0,24717.5,3.5434,23824.50630297855,0
2018-05-14,84688.0,24862.519531,3.5729,23987.16835734947,0
2018-05-15,83830.0,24629.390625,3.6218,24017.023951638992,0
2018-05-16,85044.0,24672.789063,3.6528,24133.63028079275,0
2018-05-17,83377.0,24639.400391,3.6444,24272.682768494633,0
2018-05-18,81391.0,24664.869141,3.6947,24589.26859729545,0
2018-05-21,81576.0,24883.060547,3.6709,24689.35714305884,0
2018-05-22,81613.0,24812.060547,3.6265,24628.686049929132,0
2018-05-23,80867.0,24667.119141,3.6166,24505.31822882939,0
2018-05-24,79027.0,24605.900391,3.6273,24582.01222711384,0
2018-05-25,78622.0,24687.810547,3.6425,24593.512405391662,0
2018-05-29,75361.0,24247.839844,3.7117,24535.191281613894,0
2018-05-30,75515.0,24459.089844,3.6794,24537.352153286127,0
2018-06-01,75524.0,24542.089844,3.7207,24709.390562047625,0
2018-06-04,77244.0,24722.140625,3.726,24567.38800268765,0
2018-06-05,76412.0,24710.820313,3.7452,24429.79972543957,0
2018-06-06,75518.0,24854.140625,3.8049,24415.278646246286,0
2018-06-07,71162.0,25164.480469,3.8466,24336.602101514116,0
2018-06-08,71679.0,25165.699219,3.6928,24066.70497461582,0
2018-06-11,71843.0,25290.199219,3.6714,23914.11568852123,0
2018-06-12,72124.0,25247.039063,3.6685,23701.308998946384,0
2018-06-13,71035.0,25191.419922,3.6845,23463.128187369155,0
2018-06-14,71344.0,25138.599609,3.6862,23500.627317353534,0
2018-06-15,69583.0,24894.380859,3.7147,23585.87627278706,0
2018-06-18,69360.0,24825.769531,3.7282,23653.453071028125,0
2018-06-19,69069.0,24567.75,3.7178,23619.22309503725,0
2018-06-20,71155.0,24628.390625,3.7058,23556.24312964193,0
2018-06-21,70019.0,24406.630859,3.7535,23434.413915266152,1
2018-06-22,69907.0,24526.970703,3.7353,23446.354723050856,0
2018-06-25,69779.0,24084.390625,3.7618,23404.85261735655,0
2018-06-26,70203.0,24241.220703,3.7612,23410.987718042066,0
2018-06-27,70134.0,24115.820313,3.7904,23468.68163480481,0
2018-06-28,70439.0,23997.210938,3.835,23448.863385358112,0
2018-06-29,71779.0,24269.710938,3.8283,23419.728292332566,0
2018-07-02,71935.0,24077.560547,3.8761,23321.575237729274,0
2018-07-03,72848.0,24150.849609,3.8731,23349.661398580596,0
2018-07-05,73756.0,24177.439453,3.8855,23322.86248771998,0
2018-07-06,74048.0,24281.470703,3.8594,23551.56060806765,0
2018-07-10,74431.0,24806.970703,3.7936,23376.428628529866,0
2018-07-11,74196.0,24663.820313,3.8135,23421.64259849872,0
2018-07-12,74403.0,24802.900391,3.8373,23444.04073397042,0
2018-07-13,75554.0,24890.060547,3.8441,23344.093236739118,0
2018-07-16,76129.0,24979.640625,3.8337,23506.446384201794,0
2018-07-17,76482.0,24989.609375,3.8386,23524.530629501027,0
2018-07-18,77164.0,25101.119141,3.819,23602.217642644693,0
2018-07-19,75890.0,25052.619141,3.8225,23772.416966875815,0
2018-07-20,77500.0,24986.349609,3.7584,23746.517459905946,0
2018-07-23,77871.0,24983.330078,3.7662,23872.15141975468,0
2018-07-24,78005.0,25092.429688,3.7321,23886.819978532127,0
2018-07-25,79154.0,25113.550781,3.6886,23892.012624676998,0
2018-07-26,79081.0,25463.160156,3.6886,23955.791519105132,0
2018-07-27,79405.0,25370.070313,3.7065,24074.247537702788,0
2018-07-30,79699.0,25287.380859,3.6956,24160.95036339653,0
2018-07-31,79016.0,25345.210938,3.722,24051.200581899986,0
